{
  "lang":"en",
  "name":"pipeline",
  "version":"0.0.0",
  "spacy_version":">=3.7.2,<3.8.0",
  "description":"",
  "author":"",
  "email":"",
  "url":"",
  "license":"",
  "spacy_git_version":"a89eae928",
  "vectors":{
    "width":0,
    "vectors":0,
    "keys":0,
    "name":null,
    "mode":"default"
  },
  "labels":{
    "textcat":[
      "POSITIVE",
      "NEGATIVE"
    ]
  },
  "pipeline":[
    "textcat"
  ],
  "components":[
    "textcat"
  ],
  "disabled":[

  ],
  "performance":{
    "cats_score":0.8351851852,
    "cats_score_desc":"macro F",
    "cats_micro_p":0.8426966292,
    "cats_micro_r":0.8426966292,
    "cats_micro_f":0.8426966292,
    "cats_macro_p":0.8390374332,
    "cats_macro_r":0.8322851153,
    "cats_macro_f":0.8351851852,
    "cats_macro_auc":0.8998951782,
    "cats_f_per_type":{
      "POSITIVE":{
        "p":0.8235294118,
        "r":0.7777777778,
        "f":0.8
      },
      "NEGATIVE":{
        "p":0.8545454545,
        "r":0.8867924528,
        "f":0.8703703704
      }
    },
    "textcat_loss":7.0547175538
  }
}