{
  "lang":"en",
  "name":"pipeline",
  "version":"0.0.0",
  "spacy_version":">=3.7.2,<3.8.0",
  "description":"",
  "author":"",
  "email":"",
  "url":"",
  "license":"",
  "spacy_git_version":"a89eae928",
  "vectors":{
    "width":0,
    "vectors":0,
    "keys":0,
    "name":null,
    "mode":"default"
  },
  "labels":{
    "textcat":[
      "POSITIVE",
      "NEGATIVE"
    ]
  },
  "pipeline":[
    "textcat"
  ],
  "components":[
    "textcat"
  ],
  "disabled":[

  ],
  "performance":{
    "cats_score":0.7918399168,
    "cats_score_desc":"macro F",
    "cats_micro_p":0.797752809,
    "cats_micro_r":0.797752809,
    "cats_micro_f":0.797752809,
    "cats_macro_p":0.7899896801,
    "cats_macro_r":0.7945492662,
    "cats_macro_f":0.7918399168,
    "cats_macro_auc":0.883254717,
    "cats_f_per_type":{
      "POSITIVE":{
        "p":0.7368421053,
        "r":0.7777777778,
        "f":0.7567567568
      },
      "NEGATIVE":{
        "p":0.8431372549,
        "r":0.8113207547,
        "f":0.8269230769
      }
    },
    "textcat_loss":3.0853428226
  }
}